{
  "as_of_date": "2026-01-31",
  "lookback_days": 252,
  "annualized": true,
  "symbols": [
    "LOMA",
    "PKX",
    "SSL",
    "SUZ",
    "CCZ",
    "GOOG",
    "KT",
    "PHI",
    "SKM",
    "TEO",
    "TV",
    "HMC",
    "LOCL",
    "TRP",
    "KB",
    "CALC",
    "OTLK",
    "TAK",
    "HWM-P",
    "LPL",
    "MRVL",
    "KEP"
  ],
  "sectors": [
    "Basic Materials",
    "Basic Materials",
    "Basic Materials",
    "Basic Materials",
    "Communication Services",
    "Communication Services",
    "Communication Services",
    "Communication Services",
    "Communication Services",
    "Communication Services",
    "Communication Services",
    "Consumer Cyclical",
    "Consumer Defensive",
    "Energy",
    "Financial Services",
    "Healthcare",
    "Healthcare",
    "Healthcare",
    "Industrials",
    "Technology",
    "Technology",
    "Utilities"
  ],
  "matrix": [
    [
      0.409246,
      0.056088,
      0.053763,
      0.025466,
      0.002132,
      0.061966,
      0.019994,
      0.023759,
      0.018014,
      0.331439,
      0.088324,
      0.046068,
      -0.047115,
      0.023241,
      0.062975,
      0.019884,
      0.044333,
      0.023232,
      -0.000984,
      0.068646,
      0.143075,
      0.039358
    ],
    [
      0.056088,
      0.151455,
      0.057917,
      0.029037,
      -0.002402,
      0.038932,
      0.027983,
      0.023594,
      0.024975,
      0.06073,
      0.029069,
      0.046844,
      -0.001065,
      0.010986,
      0.058361,
      0.028959,
      0.056095,
      0.019399,
      -0.01505,
      0.058463,
      0.06984,
      0.056734
    ],
    [
      0.053763,
      0.057917,
      0.358921,
      0.034268,
      0.006155,
      0.042183,
      0.00806,
      0.011509,
      0.012488,
      0.035958,
      0.026839,
      0.038135,
      -0.111258,
      0.014024,
      0.050942,
      -0.028075,
      0.08269,
      0.004148,
      0.009241,
      0.034532,
      0.06018,
      -0.021451
    ],
    [
      0.025466,
      0.029037,
      0.034268,
      0.056599,
      0.003884,
      0.019198,
      0.013688,
      0.015922,
      0.010166,
      0.029624,
      0.02952,
      0.015119,
      -0.032339,
      0.006406,
      0.015273,
      0.000756,
      0.01169,
      0.007018,
      0.015297,
      0.021968,
      0.037219,
      0.006802
    ],
    [
      0.002132,
      -0.002402,
      0.006155,
      0.003884,
      0.082827,
      0.002111,
      0.002102,
      0.005772,
      -0.001045,
      0.004253,
      -0.006705,
      -0.00933,
      -0.035058,
      -0.005768,
      -0.001736,
      -0.005284,
      -0.002147,
      -0.004516,
      0.022984,
      0.000117,
      -0.004132,
      -0.005637
    ],
    [
      0.061966,
      0.038932,
      0.042183,
      0.019198,
      0.002111,
      0.103794,
      0.010992,
      0.01367,
      0.013366,
      0.05146,
      0.034692,
      0.030273,
      -0.016168,
      0.00791,
      0.041606,
      0.02998,
      0.036743,
      0.00282,
      0.015236,
      0.034374,
      0.107078,
      0.02144
    ],
    [
      0.019994,
      0.027983,
      0.00806,
      0.013688,
      0.002102,
      0.010992,
      0.045892,
      0.017472,
      0.025022,
      0.022405,
      0.015315,
      0.015238,
      -0.020828,
      0.009749,
      0.021295,
      -0.007147,
      0.012205,
      0.015686,
      0.007527,
      0.015986,
      0.026288,
      0.021635
    ],
    [
      0.023759,
      0.023594,
      0.011509,
      0.015922,
      0.005772,
      0.01367,
      0.017472,
      0.051982,
      0.010825,
      0.033836,
      0.015477,
      0.018825,
      0.001605,
      0.00541,
      0.008706,
      0.008189,
      0.008338,
      0.01072,
      0.032452,
      0.013442,
      0.018644,
      0.014414
    ],
    [
      0.018014,
      0.024975,
      0.012488,
      0.010166,
      -0.001045,
      0.013366,
      0.025022,
      0.010825,
      0.045731,
      0.01722,
      0.019634,
      0.017052,
      -0.008864,
      0.00944,
      0.028333,
      -0.000318,
      0.008917,
      0.012714,
      -0.00943,
      0.024492,
      0.034571,
      0.025136
    ],
    [
      0.331439,
      0.06073,
      0.035958,
      0.029624,
      0.004253,
      0.05146,
      0.022405,
      0.033836,
      0.01722,
      0.453376,
      0.071232,
      0.029317,
      0.004157,
      0.021255,
      0.053301,
      -0.022797,
      0.014635,
      0.020072,
      0.020492,
      0.086683,
      0.103442,
      0.023446
    ],
    [
      0.088324,
      0.029069,
      0.026839,
      0.02952,
      -0.006705,
      0.034692,
      0.015315,
      0.015477,
      0.019634,
      0.071232,
      0.234266,
      0.031178,
      0.001909,
      0.02041,
      0.03447,
      0.015582,
      0.000792,
      0.005489,
      -0.060386,
      0.047187,
      0.059981,
      0.021731
    ],
    [
      0.046068,
      0.046844,
      0.038135,
      0.015119,
      -0.00933,
      0.030273,
      0.015238,
      0.018825,
      0.017052,
      0.029317,
      0.031178,
      0.095694,
      -0.046239,
      0.015561,
      0.030272,
      0.018289,
      0.025641,
      0.022891,
      -0.03271,
      0.027708,
      0.059819,
      0.028356
    ],
    [
      -0.047115,
      -0.001065,
      -0.111258,
      -0.032339,
      -0.035058,
      -0.016168,
      -0.020828,
      0.001605,
      -0.008864,
      0.004157,
      0.001909,
      -0.046239,
      1.425957,
      -0.035411,
      -0.039971,
      0.054088,
      0.073973,
      -0.015217,
      0.00362,
      -0.024028,
      -0.088116,
      -0.062958
    ],
    [
      0.023241,
      0.010986,
      0.014024,
      0.006406,
      -0.005768,
      0.00791,
      0.009749,
      0.00541,
      0.00944,
      0.021255,
      0.02041,
      0.015561,
      -0.035411,
      0.040335,
      0.016518,
      -0.002934,
      -0.002822,
      0.013016,
      -0.016256,
      0.011717,
      0.026423,
      0.010714
    ],
    [
      0.062975,
      0.058361,
      0.050942,
      0.015273,
      -0.001736,
      0.041606,
      0.021295,
      0.008706,
      0.028333,
      0.053301,
      0.03447,
      0.030272,
      -0.039971,
      0.016518,
      0.124442,
      0.010868,
      0.010837,
      0.018363,
      -0.032094,
      0.041522,
      0.07329,
      0.044043
    ],
    [
      0.019884,
      0.028959,
      -0.028075,
      0.000756,
      -0.005284,
      0.02998,
      -0.007147,
      0.008189,
      -0.000318,
      -0.022797,
      0.015582,
      0.018289,
      0.054088,
      -0.002934,
      0.010868,
      0.79709,
      0.073055,
      0.00895,
      0.028449,
      -0.009034,
      0.041917,
      0.035589
    ],
    [
      0.044333,
      0.056095,
      0.08269,
      0.01169,
      -0.002147,
      0.036743,
      0.012205,
      0.008338,
      0.008917,
      0.014635,
      0.000792,
      0.025641,
      0.073973,
      -0.002822,
      0.010837,
      0.073055,
      1.137898,
      -0.015117,
      0.070863,
      0.01952,
      0.114809,
      0.012431
    ],
    [
      0.023232,
      0.019399,
      0.004148,
      0.007018,
      -0.004516,
      0.00282,
      0.015686,
      0.01072,
      0.012714,
      0.020072,
      0.005489,
      0.022891,
      -0.015217,
      0.013016,
      0.018363,
      0.00895,
      -0.015117,
      0.042773,
      -0.011403,
      0.009095,
      -0.005977,
      0.025708
    ],
    [
      -0.000984,
      -0.01505,
      0.009241,
      0.015297,
      0.022984,
      0.015236,
      0.007527,
      0.032452,
      -0.00943,
      0.020492,
      -0.060386,
      -0.03271,
      0.00362,
      -0.016256,
      -0.032094,
      0.028449,
      0.070863,
      -0.011403,
      0.574277,
      -0.021535,
      -0.057545,
      0.023024
    ],
    [
      0.068646,
      0.058463,
      0.034532,
      0.021968,
      0.000117,
      0.034374,
      0.015986,
      0.013442,
      0.024492,
