{
  "as_of_date": "2026-01-31",
  "lookback_days": 252,
  "symbols": [
    "LOMA",
    "PKX",
    "SSL",
    "SUZ",
    "CCZ",
    "GOOG",
    "KT",
    "PHI",
    "SKM",
    "TEO",
    "TV",
    "HMC",
    "LOCL",
    "TRP",
    "KB",
    "CALC",
    "OTLK",
    "TAK",
    "HWM-P",
    "LPL",
    "MRVL",
    "KEP"
  ],
  "sectors": [
    "Basic Materials",
    "Basic Materials",
    "Basic Materials",
    "Basic Materials",
    "Communication Services",
    "Communication Services",
    "Communication Services",
    "Communication Services",
    "Communication Services",
    "Communication Services",
    "Communication Services",
    "Consumer Cyclical",
    "Consumer Defensive",
    "Energy",
    "Financial Services",
    "Healthcare",
    "Healthcare",
    "Healthcare",
    "Industrials",
    "Technology",
    "Technology",
    "Utilities"
  ],
  "matrix": [
    [
      1.0,
      0.225288,
      0.140278,
      0.167328,
      0.011581,
      0.300662,
      0.145896,
      0.162897,
      0.131675,
      0.769453,
      0.285253,
      0.232791,
      -0.061676,
      0.180897,
      0.279055,
      0.034814,
      0.064966,
      0.175591,
      -0.00197,
      0.256674,
      0.324826,
      0.132763
    ],
    [
      0.225288,
      1.0,
      0.248409,
      0.313623,
      -0.021448,
      0.31051,
      0.33565,
      0.265913,
      0.300093,
      0.231756,
      0.154323,
      0.389107,
      -0.002291,
      0.140562,
      0.42511,
      0.083348,
      0.135122,
      0.241017,
      -0.051571,
      0.359336,
      0.260639,
      0.314579
    ],
    [
      0.140278,
      0.248409,
      1.0,
      0.240428,
      0.035697,
      0.218552,
      0.062802,
      0.08426,
      0.097477,
      0.089139,
      0.092557,
      0.205769,
      -0.155517,
      0.116555,
      0.241043,
      -0.052489,
      0.129391,
      0.033475,
      0.020115,
      0.137872,
      0.145891,
      -0.077266
    ],
    [
      0.167328,
      0.313623,
      0.240428,
      1.0,
      0.056731,
      0.250478,
      0.268572,
      0.293532,
      0.199828,
      0.184933,
      0.25636,
      0.205439,
      -0.113834,
      0.134078,
      0.181983,
      0.003558,
      0.046063,
      0.142629,
      0.08894,
      0.22087,
      0.227214,
      0.061698
    ],
    [
      0.011581,
      -0.021448,
      0.035697,
      0.056731,
      1.0,
      0.022768,
      0.034089,
      0.087961,
      -0.016985,
      0.021947,
      -0.048133,
      -0.104799,
      -0.102011,
      -0.099791,
      -0.017101,
      -0.020563,
      -0.006992,
      -0.075872,
      0.121392,
      0.00097,
      -0.02085,
      -0.042264
    ],
    [
      0.300662,
      0.31051,
      0.218552,
      0.250478,
      0.022768,
      1.0,
      0.15927,
      0.186108,
      0.194,
      0.237221,
      0.22248,
      0.303759,
      -0.042027,
      0.122248,
      0.366087,
      0.10423,
      0.106915,
      0.042317,
      0.060663,
      0.255214,
      0.48272,
      0.143606
    ],
    [
      0.145896,
      0.33565,
      0.062802,
      0.268572,
      0.034089,
      0.15927,
      1.0,
      0.357718,
      0.546194,
      0.155329,
      0.147705,
      0.229948,
      -0.081418,
      0.226584,
      0.28179,
      -0.03737,
      0.053409,
      0.354036,
      0.045557,
      0.178501,
      0.178226,
      0.217928
    ],
    [
      0.162897,
      0.265913,
      0.08426,
      0.293532,
      0.087961,
      0.186108,
      0.357718,
      1.0,
      0.222024,
      0.220405,
      0.14025,
      0.266903,
      0.005894,
      0.118157,
      0.108239,
      0.04023,
      0.034284,
      0.227351,
      0.196021,
      0.141024,
      0.118765,
      0.136424
    ],
    [
      0.131675,
      0.300093,
      0.097477,
      0.199828,
      -0.016985,
      0.194,
      0.546194,
      0.222024,
      1.0,
      0.119592,
      0.189692,
      0.257761,
      -0.034713,
      0.219801,
      0.37558,
      -0.001665,
      0.039089,
      0.287467,
      -0.057713,
      0.27396,
      0.23479,
      0.253642
    ],
    [
      0.769453,
      0.231756,
      0.089139,
      0.184933,
      0.021947,
      0.237221,
      0.155329,
      0.220405,
      0.119592,
      1.0,
      0.218569,
      0.140749,
      0.00517,
      0.157176,
      0.2244,
      -0.037922,
      0.020375,
      0.144139,
      0.037172,
      0.307941,
      0.223124,
      0.075138
    ],
    [
      0.285253,
      0.154323,
      0.092557,
      0.25636,
      -0.048133,
      0.22248,
      0.147705,
      0.14025,
      0.189692,
      0.218569,
      1.0,
      0.208236,
      0.003304,
      0.209961,
      0.201883,
      0.03606,
      0.001533,
      0.054831,
      -0.170354,
      0.233198,
      0.179987,
      0.096886
    ],
    [
      0.232791,
      0.389107,
      0.205769,
      0.205439,
      -0.104799,
      0.303759,
      0.229948,
      0.266903,
      0.257761,
      0.140749,
      0.208236,
      1.0,
      -0.125174,
      0.250462,
      0.277408,
      0.066222,
      0.077702,
      0.357794,
      -0.140628,
      0.214248,
      0.280849,
      0.197804
    ],
    [
      -0.061676,
      -0.002291,
      -0.155517,
      -0.113834,
      -0.102011,
      -0.042027,
      -0.081418,
      0.005894,
      -0.034713,
      0.00517,
      0.003304,
      -0.125174,
      1.0,
      -0.147652,
      -0.094887,
      0.050733,
      0.058072,
      -0.061614,
      0.004956,
      -0.04813,
      -0.107172,
      -0.11377
    ],
    [
      0.180897,
      0.140562,
      0.116555,
      0.134078,
      -0.099791,
      0.122248,
      0.226584,
      0.118157,
      0.219801,
      0.157176,
      0.209961,
      0.250462,
      -0.147652,
      1.0,
      0.233148,
      -0.016365,
      -0.013172,
      0.313372,
      -0.11338,
      0.139555,
      0.191085,
      0.115119
    ],
    [
      0.279055,
      0.42511,
      0.241043,
      0.181983,
      -0.017101,
      0.366087,
      0.28179,
      0.108239,
      0.37558,
      0.2244,
      0.201883,
      0.277408,
      -0.094887,
      0.233148,
      1.0,
      0.034506,
      0.0288,
      0.25169,
      -0.114873,
      0.281553,
      0.301745,
      0.269418
    ],
    [
      0.034814,
      0.083348,
      -0.052489,
      0.003558,
      -0.020563,
      0.10423,
      -0.03737,
      0.04023,
      -0.001665,
      -0.037922,
      0.03606,
      0.066222,
      0.050733,
      -0.016365,
      0.034506,
      1.0,
      0.076708,
      0.048473,
      0.043586,
      -0.024204,
      0.068189,
      0.08602
    ],
    [
      0.064966,
      0.135122,
      0.129391,
      0.046063,
      -0.006992,
      0.106915,
      0.053409,
      0.034284,
      0.039089,
      0.020375,
      0.001533,
      0.077702,
      0.058072,
      -0.013172,
      0.0288,
      0.076708,
      1.0,
      -0.06852,
      0.104916,
      0.043772,
      0.156317,
      0.025146
    ],
    [
      0.175591,
      0.241017,
      0.033475,
      0.142629,
      -0.075872,
      0.042317,
      0.354036,
      0.227351,
      0.287467,
      0.144139,
      0.054831,
      0.357794,
      -0.061614,
      0.313372,
      0.25169,
      0.048473,
      -0.06852,
      1.0,
      -0.074224,
      0.105195,
      -0.04197,
      0.268238
    ],
    [
      -0.00197,
      -0.051571,
      0.020115,
      0.08894,
      0.121392,
      0.060663,
      0.045557,
      0.196021,
      -0.057713,
      0.037172,
      -0.170354,
      -0.140628,
      0.004956,
      -0.11338,
      -0.114873,
      0.043586,
      0.104916,
      -0.074224,
      1.0,
      -0.061933,
      -0.111203,
      0.064452
    ],
    [
      0.256674,
      0.359336,
      0.137872,
      0.22087,
      0.00097,
      0.255214,
      0.178501,
      0.141024,
      0.27396,
      0.307941,
      0.233198,
      0.214248,
      -0.04813,
      0.139555,
      0.281553,
      -0.024204,
      0.043772,
